location,climate,housing,health,crime,transportation,education,arts,recreation,economy,climate_log10,housing_log10,health_log10,crime_log10,transportation_log10,education_log10,arts_log10,recreation_log10,economy_log10
"Abilene,TX",521,6200,237,923,4031,2757,996,1405,7633,2.7168377233,3.7923916895,2.37474834601,2.96520170103,3.60541279815,3.44043676611,2.99825933842,3.14767632424,3.88269526238
"Akron,OH",575,8138,1656,886,4883,2438,5564,2632,4350,2.75966784469,3.91051768552,3.21906033245,2.94743372189,3.68868672428,3.38703370128,3.74538712132,3.42028588494,3.63848925695
"Albany,GA",468,7339,618,970,2531,2560,237,859,5250,2.67024585307,3.8656368877,2.79098847509,2.98677173427,3.40329214516,3.40823996531,2.37474834601,2.93399316383,3.72015930341
"Albany-Schenectady-Troy,NY",476,7908,1431,610,6883,3399,4655,1617,5864,2.67760695272,3.89806666064,3.15563963376,2.78532983501,3.83777776955,3.53135116458,3.66791968532,3.20871001991,3.76819396163
"Albuquerque,NM",659,8393,1853,1483,6558,3026,4496,2612,5727,2.81888541459,3.92391722311,3.26787541932,3.17114115103,3.81677141233,3.48086892369,3.65282630256,3.4169731726,3.75792718311
"Alexandria,LA",520,5819,640,727,2444,2972,334,1018,5254,2.71600334363,3.76484835719,2.80617997398,2.86153441086,3.38810120157,3.47304880509,2.52374646681,3.007747778,3.72049006845
"Allentown,Bethlehem,PA-NJ",559,8288,621,514,2881,3144,2333,1117,5097,2.74741180789,3.9184497424,2.79309160018,2.710963119,3.45954325828,3.49748253737,3.36791473879,3.04805317312,3.70731463359
"Alton,Granite-City,IL",537,6487,965,706,4975,2945,1487,1280,5795,2.7299742857,3.81204389793,2.98452731334,2.84880470105,3.69679308508,3.46908529912,3.17231096852,3.10720996965,3.7630534403
"Altoona,PA",561,6191,432,399,4246,2778,256,1210,4230,2.74896286126,3.79176080401,2.63548374681,2.60097289569,3.62797998983,3.4437322414,2.40823996531,3.08278537032,3.62634036738
"Amarillo,TX",609,6546,669,1073,4902,2852,1235,1109,6241,2.78461729263,3.81597600097,2.82542611777,3.03059972197,3.69037330692,3.45514952118,3.0916669576,3.04493154615,3.79525418258
"Anaheim-Santa-Ana,CA",885,16047,2025,983,3954,2843,5632,3156,6220,2.9469432707,4.20539385261,3.30642502755,2.99255351783,3.59703666498,3.45377685969,3.75066264613,3.49913699454,3.79379038469
"Anchorage,AK",195,12175,601,1223,5091,2414,2346,3000,7668,2.29003461136,4.08546896989,2.778874472,3.08742645704,3.70680309704,3.38273726576,3.37032800778,3.47712125472,3.88468210421
"Anderson,IN",530,5704,580,878,2865,2469,430,838,3370,2.7242758696,3.75617951684,2.76342799356,2.94349451591,3.4571246263,3.39252108993,2.63346845558,2.92324401863,3.52762990087
"Anderson,SC",591,5725,820,975,2707,2772,169,613,4262,2.77158748088,3.75777549101,2.91381385238,2.9890046157,3.43248825577,3.44279322594,2.22788670461,2.78746047452,3.62961344538
"Ann-Arbor,MI",546,11014,2508,1067,3433,3346,7559,2288,4579,2.7371926427,4.04194507215,3.39932753216,3.02816441942,3.53567380343,3.52452593663,3.87846434534,3.35945602012,3.66077064353
"Anniston,AL",560,5530,598,1125,3051,2189,268,1165,4730,2.74818802701,3.7427251313,2.77670118399,3.05115252245,3.48444220764,3.34024576157,2.42813479403,3.06632592536,3.67486114074
"Appleton-Oshkosh-Neenah,WI",396,7877,833,525,3298,2844,1166,2315,5275,2.59769518593,3.89636084547,2.92064500141,2.72015930341,3.51825065131,3.45392959206,3.06669855042,3.36455099535,3.72222246397
"Asheville,NC",694,6722,1204,566,5086,2990,1391,1542,5196,2.84135947045,3.82749850813,3.08062648692,2.75281643119,3.70637635584,3.47567118832,3.14332712999,3.18808437371,3.7156691424
"Athens,GA",601,6691,605,933,1866,2646,3546,1001,5193,2.778874472,3.82549102988,2.78175537465,2.96988164375,3.27091163941,3.42258983985,3.54973873126,3.00043407748,3.7154183226
"Atlanta,GA",696,8316,3195,1308,8409,3057,7559,1362,6315,2.84260923961,3.91991448066,3.50447086249,3.11660774399,3.92474435248,3.48529543873,3.87846434534,3.13417710758,3.80037335489
"Atlantic-City,NJ",615,11074,637,1878,3556,2929,621,2711,8107,2.78887511578,4.04430451918,2.80413943234,3.27369558793,3.5509617523,3.46671937168,2.79309160018,3.43312951758,3.90886017302
"Augusta,GA-SC",534,6292,1798,872,2523,2915,1047,913,5431,2.72754125703,3.79878871395,3.2547896874,2.94051648493,3.40191725052,3.4646385591,3.01994668168,2.96047077753,3.73487980279
"Aurora-Elgin,IL",474,10384,1203,821,3943,2208,3857,1800,5097,2.67577834167,4.01636467946,3.08026562734,2.91434315712,3.59582677707,3.34399906906,3.58624963887,3.2552725051,3.70731463359
"Austin,TX",435,8831,782,1049,3670,3063,5355,1063,7439,2.63848925695,3.94600988477,2.89320675306,3.02077548819,3.56466606425,3.48614699681,3.72875947517,3.02653326452,3.87151455871
"Bakersfield,CA",560,8068,420,1561,3725,2564,1222,1568,6056,2.74818802701,3.90676588954,2.6232492904,3.19340290306,3.57112627708,3.40891802085,3.08707120591,3.19534605835,3.78218586649
"Baltimore,MD",567,9148,3562,1730,7405,3471,9788,2925,5503,2.75358305889,3.96132615593,3.55169391513,3.23804610313,3.86952506286,3.54045461367,3.99069396068,3.46612587042,3.74059951281
"Bangor,ME",451,7277,780,651,5613,2934,1995,2148,5172,2.65417654188,3.86195237492,2.89209460269,2.81358098857,3.74919504222,3.46746010951,3.29994290002,3.33203427703,3.71365851621
"Baton-Rouge,LA",427,8083,342,1565,3329,2635,4237,1413,6308,2.63042787503,3.9075725788,2.53402610606,3.19451434188,3.52231379516,3.42078061955,3.627058464,3.15014216185,3.79989168466
"Battle-Creek,MI",527,6342,900,1031,4652,2483,354,1648,4008,2.72181061521,3.80222623769,2.95424250944,3.01325866528,3.66763970606,3.39497671955,2.54900326203,3.21695720736,3.60292771286
"Beaumont-Port-Arthur,TX",423,6288,616,1313,2782,2745,1795,1813,6019,2.62634036738,3.79851253303,2.78958071216,3.11826472609,3.44435712566,3.43854234879,3.25406445291,3.2583978041,3.77952434332
"Beaver-County,PA",586,7866,861,310,2960,2535,1284,1480,3119,2.76789761602,3.89575394207,2.93500315145,2.49136169383,3.47129171106,3.40397796367,3.10856502373,3.17026171539,3.49401537476
"Bellingham,WA",772,8329,240,825,3776,2778,1302,3200,4247,2.88761730034,3.92059286208,2.38021124171,2.91645394855,3.57703198563,3.4437322414,3.11461098423,3.50514997832,3.62808226099
"Benton-Harbor,MI",566,6761,570,1190,2989,2545,79,1477,3635,2.75281643119,3.83001093594,2.75587485567,3.07554696139,3.47552591504,3.40568778667,1.89762709129,3.16938049531,3.5605044152
"Bergen-Passaic,NJ",559,14607,2661,857,3511,3653,9304,1918,6016,2.74741180789,4.16456102927,3.42504487455,2.93298082192,3.54543082947,3.56264967221,3.96866970172,3.28284860283,3.77930782758
"Billings,MT",452,8315,479,810,6285,3008,778,2046,5913,2.65513843481,3.91986225356,2.68033551341,2.90848501888,3.79830528202,3.47827783192,2.89097959699,3.31090562938,3.771807879
"Biloxi-Gulfport,MS",584,6458,441,810,2516,2592,679,2106,5801,2.76641284711,3.81009804068,2.64443858947,2.90848501888,3.40071063677,3.4136349972,2.83186977428,3.32345836685,3.76350286547
"Binghampton,NY",550,8257,1007,415,4529,3052,1599,1722,5614,2.74036268949,3.9168222846,3.00302947055,2.61804809671,3.65600232068,3.48458452928,3.20384846375,3.23603314712,3.7492724083
"Birmingham,AL",612,6811,1692,1123,5177,2851,3958,1234,4843,2.78675142215,3.83321088028,3.2284003587,3.05037975626,3.71407816498,3.45499721731,3.59747578987,3.0913151597,3.68511446905
"Bismarck,ND",149,8365,804,413,4303,2686,1211,1630,6019,2.17318626841,3.9224659453,2.90525604875,2.61595005166,3.63377134608,3.42910600833,3.08314414314,3.2121876044,3.77952434332
"Bloomington,IN",558,7056,731,657,1746,2873,2152,1990,4829,2.74663419894,3.84855857212,2.86391737696,2.81756536956,3.24204423937,3.45833562599,3.33284226699,3.29885307641,3.6838572054
"Bloomington-Normal,IL",487,8654,815,673,5889,2854,1470,1605,5863,2.68752896121,3.93721689086,2.91115760874,2.82801506422,3.77004155432,3.45545396878,3.16731733475,3.20547503674,3.76811989418
"Boise-City,ID",592,8221,453,880,6575,2391,2385,1672,4633,2.77232170672,3.91492464821,2.65609820201,2.94448267215,3.81789575716,3.37857957612,3.37748838338,3.2232362731,3.6658623002
"Boston,MA",623,11609,5301,1215,6801,3479,21042,3066,6363,2.79448804666,4.0647948112,3.72435780423,3.08457627793,3.83257277485,3.54145442875,4.32308701627,3.48657215052,3.80366192324
"Boulder-Longmont,CO",459,11914,962,1088,7108,2587,3663,4012,7127,2.66181268554,4.07605759576,2.98317507204,3.03662889536,3.85174741913,3.41279642872,3.56383691866,3.60336092435,3.8529067588
"Bradenton,FL",440,8242,333,1093,3805,2712,154,1349,7437,2.64345267649,3.91603261019,2.52244423351,3.03862016195,3.58035466111,3.4332896852,2.18752072084,3.13001194967,3.87139778149
"Brazoria,TX",423,8394,438,768,2391,2718,1506,1512,6020,2.62634036738,3.92396896488,2.6414741105,2.88536122003,3.37857957612,3.4342494524,3.17782497186,3.17955179117,3.77959649126
"Bremerton,WA",808,9060,310,651,1670,2544,382,1973,5671,2.90741136077,3.95712819768,2.49136169383,2.81358098857,3.22271647115,3.40551710698,2.58206336291,3.29512708525,3.75365964729
"Bridgeport-Milford,CT",648,13429,2550,943,3197,3029,8368,1913,7197,2.81157500587,4.12804367383,3.40654018043,2.97451169274,3.50474263627,3.48129927333,3.92262167152,3.28171497003,3.85715150269
"Bristol,CT",516,10041,975,545,4495,2628,514,777,6527,2.71264970163,4.00177696708,2.9890046157,2.73639650228,3.65272969607,3.41962536089,2.710963119,2.8904210188,3.8147136127
"Brockton,MA",575,8263,916,1336,3810,2729,2001,1217,6900,2.75966784469,3.91713775276,2.96189547367,3.12580645814,3.58092497568,3.43600353567,3.30124708864,3.08529057823,3.83884909074
"Brownsville-Harlington,TX",440,5376,91,974,3119,2413,162,3000,4968,2.64345267649,3.73045926005,1.95904139232,2.98855895688,3.49401537476,3.38255732191,2.20951501454,3.47712125472,3.69618158717
"Bryan-College-Station,TX",383,8228,640,1016,2530,2973,2002,1413,8040,2.58319877397,3.91529428302,2.80617997398,3.00689370795,3.40312052118,3.4731949092,3.30146407314,3.15014216185,3.90525604875
"Buffalo,NY",571,8064,2465,971,5384,3121,8567,2441,5047,2.75663610825,3.9065505191,3.39181692361,2.98721922991,3.73110505122,3.49429376867,3.9328287669,3.38756777942,3.70303330473
"Burlington,NC",637,6179,994,707,1910,2519,131,701,5680,2.80413943234,3.79091819521,2.9973863844,2.8494194138,3.28103336725,3.4012281675,2.11727129566,2.84571801797,3.75434833571
"Burlington,VT",383,9673,1809,494,7146,3323,1741,3357,6726,2.58319877397,3.98556118777,3.25743856686,2.69372694892,3.85406301187,3.52153034128,3.24079877112,3.52595134125,3.82775686298
"Canton,OH",575,7332,443,650,4279,2754,989,1157,4847,2.75966784469,3.86522245629,2.64640372622,2.81291335664,3.63134228648,3.43996393592,2.9951962916,3.06333335895,3.68547301972
"Casper,WY",401,9839,345,989,4410,2453,303,1435,6303,2.60314437262,3.99295096057,2.53781909507,2.9951962916,3.64443858947,3.38969754821,2.4814426285,3.15685190107,3.79954730713
"Cedar-Rapids,IA",434,7774,837,714,5270,2619,904,1501,5009,2.63748972951,3.8906445363,2.92272545799,2.85369821178,3.72181061521,3.41813549843,2.95616843048,3.17638069224,3.69975103169
"Champaign-Urbana-Rantoul,IL",525,8627,672,1022,7447,3147,2203,1700,5485,2.72015930341,3.93585979804,2.82736927305,3.0094508958,3.87198135384,3.49789674291,3.34301449715,3.23044892138,3.73917663191
"Charleston,SC",569,7402,1463,1495,4207,3164,2993,2561,5153,2.7551122664,3.86934908076,3.16524432613,3.17464119266,3.62397251202,3.50023647483,3.47610671684,3.40840957847,3.71206014246
"Charleston,WV",627,7789,708,721,5470,2894,2605,844,5257,2.79726754083,3.89148170384,2.85003325769,2.85793526472,3.73798732633,3.46149852678,3.41580772764,2.92634244663,3.72073797702
"Charlotte-Gastonia-Rock-Hill,NC-SC",644,7169,999,1273,6099,3031,4313,1236,5671,2.80888586736,3.85545858039,2.99956548823,3.10482840365,3.78525863336,3.48158593637,3.63477945815,3.09201847075,3.75365964729
"Charlottesville,VA",618,9531,1348,756,6041,3489,1422,1704,6055,2.79098847509,3.97913846955,3.1296898922,2.8785217955,3.78110883573,3.54270096945,3.15289959639,3.23146959043,3.78211414748
"Chattanooga,TN-GA",576,6189,564,946,3401,2415,2483,1238,4487,2.76042248342,3.79162048269,2.75127910398,2.9758911364,3.53160663193,3.38291713509,3.39497671955,3.09272064468,3.65195606953
"Chicago,IL",514,10913,5766,1034,7742,3486,24846,2856,5205,2.710963119,4.0379441552,3.76087463805,3.01452053876,3.88885316698,3.54232738277,4.39525648089,3.4557582031,3.71642073385
"Chico,CA",603,8587,243,947,4067,3126,1647,1543,5307,2.78031731214,3.9338414629,2.3856062736,2.976349979,3.6092741724,3.49498897368,3.21669359917,3.18836592606,3.72484908763
"Cincinnati,OH-KY-IN",584,8143,2138,978,5748,2918,9688,2451,5270,2.76641284711,3.91078443479,3.33000770087,2.99033885479,3.75951675946,3.46508528756,3.98623413013,3.38934331125,3.72181061521
"Clarksville-Hopkinsville,TN-KY",544,6007,446,736,2226,2654,111,2219,4880,2.7355988997,3.77865763195,2.64933485871,2.86687781434,3.34752516,3.42390091853,2.04532297879,3.34615730223,3.688419822
"Cleveland,OH",579,9168,3167,1138,7333,2972,12679,3300,4879,2.76267856373,3.96227460462,3.50064806337,3.05614226206,3.865281685,3.47304880509,4.10308500184,3.51851393988,3.68833081811
"Colorado-Springs,CO",526,8509,721,1086,3389,2754,1749,2375,7699,2.72098574415,3.92987852366,2.85793526472,3.03582982525,3.53007156884,3.43996393592,3.24278980948,3.37566361396,3.88643431963
"Columbia,MO",541,7702,1951,1065,3893,2377,2882,1331,5147,2.73319726511,3.88660351429,3.29025726939,3.02734960777,3.59028440372,3.37602918173,3.45969397648,3.12417805547,3.71155416825
"Columbia,SC",526,7519,1421,1524,5859,2908,2489,1484,5279,2.72098574415,3.87616008483,3.15259407793,3.182984967,3.76782349801,3.46359440219,3.39602489661,3.17143390094,3.722551662
"Columbus,GA-AL",517,5817,833,820,2995,2665,1861,1214,4812,2.71349054309,3.7646990638,2.92064500141,2.91381385238,3.47639682673,3.42569721336,3.26974637313,3.08421868674,3.68232561867
"Columbus,OH",558,8093,1837,1092,4364,2928,6648,2020,5165,2.74663419894,3.90810954039,3.26410915631,3.03822263837,3.63988474192,3.46657107239,3.82269101078,3.30535136945,3.71307032586
"Corpus-Christi,TX",362,6929,458,1335,3626,2840,1992,2037,6690,2.55870857053,3.84067056133,2.660865478,3.1254812657,3.55942779976,3.45331834005,3.29928933409,3.308991029,3.82542611777
"Cumberland,MD-WV",591,6054,760,337,3709,3363,373,1036,4741,2.77158748088,3.78204241662,2.88081359228,2.52762990087,3.56925683333,3.52672686731,2.57170883181,3.01535975541,3.67586995532
"Dallas,TX",544,9318,2825,1529,6213,3269,10438,2310,7710,2.7355988997,3.96932270611,3.45101845216,3.18440748541,3.79330135361,3.51441492058,4.01861729252,3.36361197989,3.88705437805
"Danbury,CT",569,14420,2350,548,2715,3029,7415,1572,7060,2.7551122664,4.15896526038,3.37106786227,2.73878055848,3.43376983392,3.48129927333,3.87011115536,3.1964525417,3.84880470105
"Danville,VA",545,5709,593,379,3161,2943,85,501,4491,2.73639650228,3.75656004301,2.77305469336,2.57863920997,3.49982449584,3.4687902621,1.92941892571,2.69983772587,3.65234305506
"Davenport-Rock-Island-Moline,IA-IL",440,8083,1113,834,3907,2901,1017,1920,4997,2.64345267649,3.9075725788,3.04649516433,2.92116605064,3.59184341122,3.4625477288,3.00732095292,3.2833012287,3.69870934944
"Dayton-Springfield,OH",544,7635,2253,1151,4775,2772,6935,1122,4532,2.7355988997,3.88280904139,3.35276119172,3.06107532363,3.67897337592,3.44279322594,3.84104646541,3.04999285692,3.65628990119
"Daytona-Beach,FL",561,7203,723,1347,4117,2612,809,3967,6592,2.74896286126,3.85751341478,2.85913829729,3.12936759572,3.614580867,3.4169731726,2.90794852161,3.59846220047,3.81901719869
"Decatur,IL",480,7395,732,897,3867,2683,298,1222,4274,2.68124123738,3.86893817833,2.86451108106,2.95279244304,3.58737417207,3.42862067267,2.47421626408,3.08707120591,3.63083451783
"Denver,CO",521,10789,2533,1365,8145,3145,8477,2324,7164,2.7168377233,4.0329811931,3.40363518979,3.13513265138,3.91089108864,3.49762064978,3.92824218316,3.36623612372,3.85515557718
"Des-Moines,IA",444,8028,1256,1044,5521,2613,1857,1802,5346,2.64738297011,3.90460736382,3.0989896394,3.01870049867,3.74201774714,3.41713940973,3.26881190374,3.25575478664,3.72802895442
"Detroit,MI",536,8525,4142,1587,4808,3064,10389,2483,3904,2.72916478969,3.93069438766,3.61721009456,3.20057692675,3.68196445899,3.48628876096,4.01657374627,3.39497671955,3.59150980899
"Dothgan,AL",336,5708,593,930,2232,2230,117,714,5453,2.52633927739,3.75648396444,2.77305469336,2.96848294855,3.34869419027,3.34830486305,2.06818586175,2.85369821178,3.73663549769
"Dubuque,IA",419,7993,640,571,3668,2701,340,1587,3949,2.62221402297,3.90270981297,2.80617997398,2.75663610825,3.564429327,3.43152458419,2.53147891704,3.20057692675,3.59648713374
"Duluth,MN-WI",193,6040,1159,488,5205,2619,2377,3107,3922,2.28555730901,3.78103693862,3.06408343596,2.688419822,3.71642073385,3.41813549843,3.37602918173,3.49234125325,3.59350758933
"East-St.-Louis-Belleville,IL",537,6501,444,1096,6539,2630,904,1610,6113,2.7299742857,3.81298016604,2.64738297011,3.03981055415,3.81551133736,3.41995574849,2.95616843048,3.20682587603,3.78625439579
"Eau-Claire,WI",257,7078,798,433,3197,2960,1807,1397,5348,2.40993312333,3.8499105583,2.90200289135,2.63648789635,3.50474263627,3.47129171106,3.25695815256,3.14519640611,3.72819139859
"El-Paso,TX",592,7343,528,1323,3705,2479,3800,1101,5080,2.77232170672,3.86587352821,2.72263392253,3.12155984419,3.56878821232,3.39427652677,3.57978359662,3.04178731897,3.70586371228
"Elkhart-Goshen,IN",521,6573,596,524,4168,2537,353,1023,4214,2.7168377233,3.81776363228,2.77524625974,2.71933128698,3.61992771029,3.40432046722,2.54777470539,3.00987563371,3.62469453127
"Elmira,NY",467,7078,562,582,3324,3000,1048,1600,4813,2.66931688057,3.8499105583,2.74973631557,2.76492298465,3.52166101511,3.47712125472,3.02036128265,3.20411998266,3.68241586168
"Enid,OK",461,6829,626,845,2312,2764,215,1200,8268,2.66370092539,3.83435711272,2.79657433321,2.92685670895,3.36398782975,3.4415380387,2.33243845992,3.07918124605,3.91740046796
"Erie,PA",605,7715,529,635,5754,2641,2032,1340,4299,2.78175537465,3.8873359304,2.72345567204,2.80277372529,3.75996985755,3.42176840121,3.30792370361,3.12710479836,3.63336744512
"Eugene-Springfield,OR",741,9370,539,874,5293,3118,2631,3400,3045,2.86981820798,3.97173959089,2.73158876519,2.94151143263,3.72370189399,3.49387611085,3.42012084809,3.53147891704,3.48358729697
"Evansville,IN-KY",550,6743,783,864,3496,2797,1876,1622,5206,2.74036268949,3.82885315968,2.89376176206,2.93651374248,3.54357142396,3.44669246637,3.27323283404,3.21005084988,3.71650416377
"Fall-River,MA-RI",643,9017,900,861,4602,2439,749,2005,4884,2.80821097292,3.95506206968,2.95424250944,2.93500315145,3.66294661433,3.38721180031,2.8744818177,3.30211437696,3.68877565527
"Fargo-Moorhead,ND-MN",148,8168,920,503,6325,2506,2111,1414,5594,2.17026171539,3.91211572908,2.96378782735,2.70156798506,3.80106052985,3.39898106666,3.32448823331,3.15044940946,3.74772246204
"Fayetteville,NC",561,6274,872,1150,4402,3051,844,709,5255,2.74896286126,3.79754451436,2.94051648493,3.06069784035,3.64365003822,3.48444220764,2.92634244663,2.85064623518,3.72057272036
"Fayettteville-Sprindale,AR",549,6686,594,545,3581,2334,1915,1695,4631,2.73957234445,3.82516637226,2.77378644498,2.73639650228,3.55400432101,3.36810085171,3.2821687783,3.22916970254,3.66567478099
"Fitchburg-Leominster,MA",507,8252,655,655,2244,2799,270,790,5098,2.70500795933,3.9165592193,2.81624129999,2.81624129999,3.35102285258,3.44700289847,2.43136376416,2.89762709129,3.70739983113
"Flint,MI",540,7204,724,1671,4912,2511,2163,1355,3724,2.73239375982,3.85757370415,2.8597385662,3.22297644989,3.69125835813,3.39984671271,3.33505651944,3.13193929521,3.57100967231
"Florence,AL",546,5962,607,516,1454,2427,1021,994,4492,2.7371926427,3.7753919717,2.78318869108,2.71264970163,3.16256440652,3.38506977633,3.00902574209,2.9973863844,3.65243974759
"Florence,SC",552,6508,818,1334,4963,3109,628,800,4842,2.74193907773,3.81344754426,2.91275330367,3.12515582958,3.6957442752,3.49262072204,2.79795964374,2.90308998699,3.68502478511
"Fort-Collins-Lover=land,CO",490,9951,731,744,2637,2413,1609,4200,6631,2.69019608003,3.99786672624,2.86391737696,2.87157293555,3.42111012979,3.38255732191,3.2065560441,3.6232492904,3.82157902791
"Fort-Lauderdale-Hollywood-Pompano-Beach,FL",572,10810,1252,1536,4186,2734,2027,2455,7136,2.75739602879,4.03382569395,3.09760432887,3.1863912157,3.621799224,3.43679851023,3.30685374869,3.39005149646,3.85345484137
"Fort-Myers,FL",342,9298,546,787,4583,2729,380,4005,7166,2.53402610606,3.96838954185,2.7371926427,2.89597473236,3.66114985724,3.43600353567,2.57978359662,3.60260252042,3.85527680383
"Fort-Pierce,FL",602,8842,527,1422,2143,3154,368,2058,7973,2.77959649126,3.94655051057,2.72181061521,3.15289959639,3.33102217104,3.49886168899,2.56584781867,3.31344537043,3.90162176409
"Fort-Smith,AR-OK",482,5784,466,663,3092,2927,145,1736,4849,2.68304703824,3.76222828429,2.66838591669,2.8215135284,3.49023948525,3.46642272243,2.16136800223,3.23954972084,3.68565218412
"Fort-Walton-Beach,FL",536,7554,484,544,2886,2809,87,2092,6342,2.72916478969,3.87817698049,2.68484536164,2.7355988997,3.46029632676,3.4485517392,1.93951925262,3.3205616802,3.80222623769
"Fort-Wayne,IN",509,6733,1060,710,5416,2772,2846,1711,4195,2.70671778234,3.82820861447,3.02530586526,2.85125834872,3.73367865568,3.44279322594,3.45423489575,3.23325000954,3.62273196516
"Forth-Arlington,TX",528,7956,1038,1348,4472,2627,6466,2366,6862,2.72263392253,3.90069477445,3.01619735351,3.1296898922,3.65050179488,3.41946007279,3.81063570028,3.37401474029,3.83645071372
"Fresno,CA",559,9291,369,1483,4388,2407,3596,2984,5746,2.74741180789,3.96806246008,2.56702636616,3.17114115103,3.6422666189,3.38147609028,3.55581968306,3.4747988188,3.75936562166
"Gadsden,AL",526,5382,622,749,2174,2299,153,300,4220,2.72098574415,3.73094369343,2.79379038469,2.8744818177,3.33725953975,3.36153897127,2.18469143082,2.47712125472,3.62531245096
"Gainesville,FL",402,7388,1731,1658,3527,3094,3335,1237,5739,2.60422605308,3.86852688677,3.23829706788,3.21958452621,3.54740545967,3.49052030936,3.52309583825,3.09236969963,3.75883622475
"Galveston-Texas-City,TX",727,7767,1437,1213,3423,2809,1756,3000,6026,2.86153441086,3.89025330515,3.15745676813,3.08386080087,3.53440689914,3.4485517392,3.24452451157,3.47712125472,3.78002912734
"Gary-Hammond,IN",483,7641,1364,996,5855,2526,4115,1940,3826,2.68394713075,3.88315019968,3.13481437032,2.99825933842,3.76752689941,3.40243334622,3.61436983955,3.28780172993,3.58274496569
"Glens-Falls,NY",476,7120,43,568,2241,2674,603,1883,5166,2.67760695272,3.85247999364,1.63346845558,2.75434833571,3.35044185654,3.42716140293,2.78031731214,3.27485032002,3.71315440184
"Grand-Forks,ND",105,7898,1109,401,5587,2721,1921,1304,5646,2.02118929907,3.8975171294,3.04493154615,2.60314437262,3.74717867136,3.43472854178,3.28352736486,3.1152775914,3.75174087381
"Grand-Rapids,MI",513,7780,1274,952,3454,2705,3255,1909,4848,2.71011736511,3.89097959699,3.105169428,2.97863694838,3.53832233323,3.43216726944,3.5125509929,3.28080592839,3.68556261116
"Great-Falls,MT",410,7143,667,792,3747,2737,401,2176,4697,2.61278385672,3.85388065012,2.82412583392,2.89872518159,3.57368369309,3.43727479741,2.60314437262,3.33765889103,3.67182056018
"Greeley,CO",490,8218,706,994,1641,2854,1254,739,5443,2.69019608003,3.91476613693,2.84880470105,2.9973863844,3.21510858105,3.45545396878,3.09829753649,2.86864443839,3.73583833432
"Green-Bay,WI",367,8401,916,583,3793,2622,2547,1925,5650,2.56466606425,3.92433098471,2.96189547367,2.76566855476,3.5789828427,3.41863268735,3.40602894496,3.28443073384,3.75204844782
"Greensboro-Winston-Salem-High-Point,NC",626,7064,1694,967,4453,3090,4188,1651,5204,2.79657433321,3.84905069057,3.22891340599,2.98542647408,3.64865269513,3.48995847942,3.62200667301,3.21774707326,3.71633728789
"Greenville-Spartanburg,SC",655,6336,1260,1185,3950,3236,2569,1410,5012,2.81624129999,3.80181516858,3.10037054512,3.07371835035,3.59659709563,3.51000851294,3.40976410427,3.14921911266,3.70001106232
"Hagerstown,MD",568,7763,818,627,3431,2990,825,1491,4477,2.75434833571,3.89002958616,2.91275330367,2.79726754083,3.53542071806,3.47567118832,2.91645394855,3.17347764345,3.65098709438
"Hamilton-Middletown,OH",542,8227,1135,892,3338,2747,2316,1604,4618,2.73399928654,3.91524149731,3.05499586153,2.95036485438,3.52348633234,3.43885865942,3.36473855506,3.20520436395,3.66445392858
"Harrisburg-Lebanon-Carlisle,PA",556,7891,2087,629,6164,3224,3083,1532,5322,2.74507479158,3.89713204338,3.31952244907,2.79865064545,3.78986263005,3.50839503313,3.48897352473,3.1852587653,3.72607487022
"Hartford,CT",516,11652,2521,1279,7120,3628,3616,1790,6307,2.71264970163,4.06640047596,3.40157284568,3.10687054448,3.85247999364,3.55966727839,3.5582284218,3.25285303098,3.79982283099
"Hickory,NC",623,6760,1006,765,2703,2726,188,797,4728,2.79448804666,3.82994669594,3.00259798072,2.88366143515,3.4318460457,3.4355258515,2.27415784926,2.9014583214,3.67467746787
"Honolulu,HI",717,17021,1298,891,5911,2502,7168,3703,5187,2.85551915567,4.23098507171,3.11327469246,2.94987770404,3.77166095935,3.39828730536,3.85539799665,3.56855371205,3.71491624799
"Houma-Thibodaux,LA",427,7094,583,400,1145,1995,725,2700,6662,2.63042787503,3.85089118414,2.76566855476,2.60205999133,3.05880548668,3.29994290002,2.86033800657,3.43136376416,3.82360462836
"Houston,TX",424,9760,2467,1499,4626,3271,11073,1825,7464,2.62736585659,3.98944981767,3.39216914949,3.17580163285,3.66520562843,3.51468054412,4.04426529992,3.26126286879,3.87297163074
"Huntington-Ashland,WV-KY-OH",636,6632,875,665,4001,2525,2195,840,4383,2.80345711565,3.82164451754,2.94200805302,2.8228216453,3.60216855138,3.40226138245,3.34143452458,2.92427928606,3.64177147065
"Huntsville,AL",600,6283,685,924,2661,2257,1921,1075,6412,2.77815125038,3.79816705972,2.83569057149,2.96567197122,3.42504487455,3.35353155908,3.28352736486,3.03140846425,3.80699351368
"Indianapolis,IN",557,7012,2243,1000,5804,2690,6348,1906,5082,2.74585519517,3.84584190742,3.35082927358,3.0,3.76372740377,3.42975228,3.80263691808,3.2801228963,3.70603466071
"Iowa-City,IA",434,9429,2437,830,2770,2842,2255,1506,5165,2.63748972951,3.97446563574,3.38685552918,2.91907809238,3.44247976906,3.45362407359,3.35314654621,3.17782497186,3.71307032586
"Jackson,MI",518,6794,679,1021,4800,2654,323,1933,3822,2.71432975975,3.83212554253,2.83186977428,3.00902574209,3.68124123738,3.42390091853,2.50920252233,3.28623185403,3.58229068272
"Jackson,MS",412,7245,1792,1091,4917,3130,3209,1427,5186,2.61489721603,3.86003838981,3.25333800533,3.03782475059,3.69170020829,3.49554433755,3.5063697171,3.15442397311,3.71483251243
"Jacksonville,FL",457,6626,1181,1211,5611,3048,2162,2884,6139,2.65991620007,3.82125143155,3.07224989761,3.08314414314,3.7490402687,3.48401496267,3.33485568962,3.45999525605,3.78809763338
"Jacksonville,NC",564,6111,740,967,1780,2646,567,1177,6386,2.75127910398,3.78611228372,2.86923171973,2.98542647408,3.25042000231,3.42258983985,2.75358305889,3.07077646284,3.8052289142
"Janesville-Beloit,WI",466,7447,700,858,3092,2532,1092,1615,4371,2.66838591669,3.87198135384,2.84509804001,2.93348728785,3.49023948525,3.40346370135,3.03822263837,3.20817252667,3.64058080649
"Jersey-City,NJ",601,8810,1759,1434,4982,2574,7420,1001,4889,2.778874472,3.94497590841,3.24526583946,3.15654915133,3.6974037232,3.41060854257,3.87040390528,3.00043407748,3.68922003726
"Johnson-City-Kingsport-Bristol,TN-VA",663,6119,1152,424,2532,2925,1925,2155,4903,2.8215135284,3.7866804532,3.06145247909,2.62736585659,3.40346370135,3.46612587042,3.28443073384,3.3334472745,3.69046189325
"Johnstown,PA",547,6524,731,353,4343,2691,666,903,4181,2.73798732633,3.81451395237,2.86391737696,2.54777470539,3.63778982936,3.42991369776,2.82347422917,2.95568775031,3.62128016755
"Joliet,IL",479,9327,1058,837,4645,2868,3177,1636,4631,2.68033551341,3.96974197676,3.0244856677,2.92272545799,3.66698571833,3.457579147,3.50201721483,3.21378329934,3.66567478099
"Joplin,MO",580,5159,500,628,2335,2871,80,801,5324,2.76342799356,3.71256552787,2.69897000434,2.79795964374,3.3682868849,3.4580331925,1.90308998699,2.90363251608,3.7262380468
"Kalamazoo,MI",527,7919,1043,1120,5419,2896,2071,2163,4794,2.72181061521,3.89867034297,3.01828430843,3.04921802267,3.73391915101,3.46179855753,3.31618009889,3.33505651944,3.6806980297
"Kankakee,IL",483,7230,609,976,3444,2855,75,1119,5579,2.68394713075,3.85913829729,2.78461729263,2.98944981767,3.53706314278,3.45560611258,1.87506126339,3.04883008653,3.74655636141
"Kansas-City,KS",549,8126,1711,1142,5006,3028,1167,1045,6166,2.73957234445,3.90987681799,3.23325000954,3.05766610391,3.69949084527,3.48115587083,3.06707085605,3.01911629045,3.79000352039
"Kansas-City,MO",549,7076,1939,1468,5869,2949,5553,2043,4865,2.73957234445,3.84978782424,3.28757780908,3.16672605558,3.76856410951,3.46967477255,3.74452767347,3.31026836663,3.6870828446
"Kenosha,WI",496,8516,1067,911,4473,2918,3844,2224,5176,2.69548167649,3.93023565277,3.02816441942,2.95951837697,3.65059889817,3.46508528756,3.584783379,3.34713478291,3.71399426766
"Kileen-Temple,TX",365,6463,398,733,2862,3167,920,931,6331,2.56229286446,3.81043415592,2.59988307207,2.86510397464,3.45666962942,3.50064806337,2.96378782735,2.96894968098,3.80147231352
"Knoxville,TN",670,6692,960,622,4273,2761,3309,2514,5537,2.8260748027,3.82555593229,2.98227123304,2.79379038469,3.63073289282,3.44106640664,3.51969676716,3.40036527335,3.74327452351
"Kokomo,IN",512,6616,596,413,1817,2904,285,1000,3429,2.70926996098,3.82059549654,2.77524625974,2.61595005166,3.25935492731,3.46299661203,2.45484486001,3.0,3.53516748511
"La-Crosse,WI",352,8310,686,676,6096,3027,1466,1953,5648,2.54654266348,3.91960102378,2.83632411571,2.82994669594,3.78504495833,3.48101242096,3.16613397031,3.29070224329,3.75189468804
"Lafayette,IN",494,7778,655,465,4956,2945,2235,1814,4333,2.69372694892,3.89086793881,2.81624129999,2.66745295289,3.6951312977,3.46908529912,3.34927752747,3.25863728272,3.63678868903
"Lafayette,LA",429,8572,548,1030,5268,2305,1772,1734,9702,2.63245729218,3.93308216237,2.73878055848,3.01283722471,3.72164576629,3.36267092973,3.24846371755,3.23904909314,3.98686127029
"Lake-Charles,LA",469,6921,314,1093,3549,2336,1456,1855,5872,2.67117284272,3.84016884924,2.49692964807,3.03862016195,3.55010599935,3.36847283844,3.16316137498,3.26834391395,3.76878604691
"Lake-County,IL",514,13282,1237,822,3422,2607,3746,2435,5755,2.710963119,4.1232634759,3.09236969963,2.91487181754,3.53428000521,3.41614103117,3.57356777304,3.38649896555,3.76004532797
"Lakeland-Winter-Haven,FL",307,6680,323,1373,3412,2998,309,2513,5594,2.48713837548,3.82477646248,2.50920252233,3.13767053724,3.5330090225,3.47683162851,2.48995847942,3.40019248859,3.74772246204
"Lancaster,PA",559,8631,1111,413,3908,3097,1015,1147,5120,2.74741180789,3.93606111661,3.04571405894,2.61595005166,3.59195455505,3.49094120536,3.00646604225,3.0595634179,3.70926996098
"Lansing-East-Lansing,MI",480,7907,1371,894,5557,2891,4206,1609,4747,2.68124123738,3.8980117388,3.13703745479,2.9513375188,3.74484039679,3.46104809167,3.62386926835,3.2065560441,3.67641923172
"Laredo,TX",424,6152,465,1050,3322,2827,150,702,5264,2.62736585659,3.78901632679,2.66745295289,3.02118929907,3.52139962812,3.45132580849,2.17609125906,2.84633711213,3.72131588061
"Las-Cruces,NM",552,6962,588,1457,2989,2736,2804,1609,5341,2.74193907773,3.84273401895,2.76937732608,3.16345955177,3.47552591504,3.43711609305,3.44777800929,3.2065560441,3.72762257797
"Las-Vegas,NV",556,9906,412,1913,5900,2241,1586,3996,6035,2.74507479158,3.99589832365,2.61489721603,3.28171497003,3.77085201164,3.35044185654,3.20030318298,3.60162547955,3.78067727443
"Lawrence,KS",513,7497,621,1018,2931,2700,3150,1752,4573,2.71011736511,3.87488751085,2.79309160018,3.007747778,3.46701581844,3.43136376416,3.49831055379,3.24353410183,3.66020120138
"Lawrence-Haverhill,MA-NH",548,10414,1202,909,3575,2479,2111,1879,6527,2.73878055848,4.01761757334,3.07990446767,2.95856388322,3.55327604614,3.39427652677,3.32448823331,3.2739267801,3.8147136127
"Lawton,OK",479,5850,477,1156,2366,2375,1280,1757,6105,2.68033551341,3.76715586608,2.67851837904,3.06295783408,3.37401474029,3.37566361396,3.10720996965,3.2447717615,3.78568566828
"Lewiston-Auburn,ME",490,6876,759,764,2941,2694,736,1853,4444,2.69019608003,3.83733586802,2.8802417759,2.88309335858,3.46849502451,3.43039759139,2.86687781434,3.26787541932,3.64777405027
"Lexington-Fayette,KY",635,8340,1860,1055,4080,2861,3596,1403,6245,2.80277372529,3.92116605064,3.26951294422,3.02325245963,3.61066016309,3.45651785781,3.55581968306,3.14705767103,3.79553244271
"Lima,OH",522,6986,741,855,4084,2629,1352,1428,4313,2.717670503,3.8442285813,2.86981820798,2.93196611473,3.61108573341,3.41979058611,3.13097669161,3.15472820744,3.63477945815
"Lincoln,NE",398,8256,775,789,5618,2878,4523,1804,4908,2.59988307207,3.91676968428,2.88930170251,2.89707700321,3.74958173487,3.4590907896,3.65542658775,3.25623653321,3.69090455405
"Little-Rock,North-Little-Rock,AR",497,7270,1861,1328,4186,2581,2180,1462,5273,2.69635638873,3.86153441086,3.26974637313,3.12319807503,3.621799224,3.41178800454,3.3384564936,3.16494737262,3.72205777133
"Longview-Marshall,TX",500,6608,509,976,2680,2816,334,834,6898,2.69897000434,3.82007003431,2.70671778234,2.98944981767,3.42813479403,3.44963265047,2.52374646681,2.92116605064,3.83872319003
"Lorain-Elyria,OH",579,8309,1105,609,3629,2582,2565,1602,3301,2.76267856373,3.91954875897,3.04336227802,2.78461729263,3.5597869682,3.41195623793,3.40908736945,3.20466251175,3.51864552433
"Los-Angeles,Long-Beach,CA",885,13868,5153,1960,4345,3195,23567,3948,5316,2.9469432707,4.14201383298,3.71206014246,3.29225607136,3.63798978078,3.50447086249,4.37230430181,3.596377144,3.72558497227
"Louisville,KY-IN",616,6812,2111,937,5420,3028,4916,1942,5402,2.78958071216,3.83327463929,3.32448823331,2.97173959089,3.73399928654,3.48115587083,3.69161187421,3.28824922557,3.73255457985
"Lowell,MA-NH",526,9640,1083,819,3820,2479,3057,1129,6651,2.72098574415,3.9840770339,3.03462845663,2.91328390176,3.58206336291,3.39427652677,3.48529543873,3.05269394192,3.82288694783
"Lubbock,TX",604,6990,900,1608,4158,2545,3402,1702,5923,2.78103693862,3.84447717575,2.95424250944,3.20628604441,3.618884485,3.40568778667,3.53173430928,3.23095955575,3.77254173264
"Lynchburg,VA",642,6934,732,643,4909,2803,1079,1439,4926,2.80753502807,3.84098383732,2.86451108106,2.80821097292,3.6909930321,3.44762309776,3.03302144468,3.15806079394,3.6924944075
"Macon,Warner-Robbins,GA",447,6235,593,783,3144,2651,1435,1204,5659,2.65030752313,3.79483645781,2.77305469336,2.89376176206,3.49748253737,3.42340972773,3.15685190107,3.08062648692,3.75273969394
"Madison,WI",378,9897,2168,779,6084,3047,5123,1944,5448,2.57749179984,3.99550357027,3.33605927787,2.89153745767,3.78418920538,3.48387245422,3.70952435588,3.28869626059,3.7362370989
"Manchester,NH",404,9860,737,633,4595,2728,475,837,7101,2.60638136511,3.99387691494,2.86746748786,2.80140371002,3.66228551572,3.43584436598,2.67669360962,2.92272545799,3.85131951265
"Mansfield,OH",558,6881,303,1072,2876,2871,554,1133,4386,2.74663419894,3.83765155785,2.4814426285,3.03019478536,3.45878888171,3.4580331925,2.74350976473,3.05422990986,3.64206862734
"McAllen-Edinburg-Mission,TX",238,5345,372,836,2117,2644,1231,1059,5739,2.37657695706,3.72794770954,2.57054293988,2.92220627744,3.32572085802,3.42226145081,3.09025805293,3.02489596011,3.75883622475
"Medford,OR",611,9008,256,728,3512,2797,1856,1416,3692,2.78604121024,3.95462837751,2.40823996531,2.86213137931,3.54555450723,3.44669246637,3.26857797188,3.15106325335,3.56726169235
"Melbourne-Titusville-Palm-Bay,FL",582,8721,517,1039,2560,2814,437,3800,7089,2.76492298465,3.94056628649,2.71349054309,3.01661554756,3.40823996531,3.4493240931,2.64048143697,3.57978359662,3.85058497635
"Memphis,TN-AR-MS",514,7015,2043,1488,6247,2804,4486,1994,5160,2.710963119,3.84602767536,3.31026836663,3.17260293121,3.79567150595,3.44777800929,3.65185926925,3.29972515398,3.71264970163
"Miami-Hialeah,FL",634,10267,2314,2459,5202,2879,4837,4300,5840,2.80208925788,4.01144356202,3.36436335462,3.39075852874,3.71617034786,3.45924166488,3.68457608739,3.63346845558,3.76641284711
"Middlesex-Somerset,Hunterdon,NJ",559,12135,2589,691,4198,3539,8058,1596,6324,2.74741180789,4.08403978067,3.41313205043,2.83947804737,3.62304243425,3.54888056264,3.90622726305,3.20303288701,3.80099186126
"Middletown,CT",593,11652,884,646,4636,3128,730,1682,6307,2.77305469336,4.06640047596,2.94645226501,2.810232518,3.66614342729,3.49526674439,2.86332286012,3.22582599146,3.79982283099
"Midland,TX",603,8672,97,1166,5310,2416,438,1502,9980,2.78031731214,3.93811926919,1.98677173427,3.06669855042,3.72509452108,3.38309692995,2.6414741105,3.17666993267,3.99913054129
"Milwaukee,WI",460,10176,3053,826,4945,3044,8766,2902,4982,2.66275783168,4.0075770983,3.4847268043,2.91698004732,3.69416629593,3.4834446481,3.94280146632,3.4626974081,3.6974037232
"Minneapolis-St.-Paul,MN-WI",293,9559,3934,906,5606,3013,11714,2158,5843,2.46686762035,3.98041246161,3.59483435558,2.95712819768,3.74865309342,3.47899913167,4.06870521969,3.33405144035,3.76663588631
"Mobile,AL",442,6704,1469,1511,3345,2779,1764,2164,4565,2.64542226935,3.82633400562,3.16702179579,3.17926446434,3.5243961221,3.44388854678,3.2464985808,3.33525725643,3.65944078187
"Modesto,CA",639,8630,347,1154,2000,2616,631,833,5107,2.80550085816,3.93601079572,2.54032947479,3.06220580882,3.30102999566,3.41763773965,2.80002935924,2.92064500141,3.70816585786
"Monmouth-Ocean,NJ",615,11660,2482,819,2690,2787,7563,3544,6154,2.78887511578,4.06669855042,3.39480177716,2.91328390176,3.42975228,3.44513696871,3.8786941004,3.54949371322,3.78915749191
"Monroe,LA",455,6190,331,957,3606,2453,1528,1541,5537,2.65801139666,3.79169064902,2.51982799378,2.98091193778,3.55702572239,3.38969754821,3.18412335424,3.18780263872,3.74327452351
"Montgomery,AL",483,6754,832,815,3509,2388,1374,1112,4892,2.68394713075,3.8295610563,2.92012332629,2.91115760874,3.54518336822,3.37803432246,3.13798673272,3.04610478725,3.68948644836
"Muncie,IN",530,5800,949,783,4325,2965,2498,1428,3980,2.7242758696,3.76342799356,2.97726621243,2.89376176206,3.6359861118,3.4720246977,3.39759243404,3.15472820744,3.59988307207
"Muskegon,MI",580,6391,699,1537,3353,2630,529,2666,3708,2.76342799356,3.80556881755,2.84447717575,3.1866738675,3.52543355343,3.41995574849,2.72345567204,3.42586014508,3.56913972547
"Nashua,NH",538,10757,853,452,3320,2728,2122,1523,6962,2.73078227567,4.03169116863,2.93094903117,2.65513843481,3.5211380837,3.43584436598,3.32674537957,3.18269990334,3.84273401895
"Nashville,TN",600,7800,1850,984,5030,2763,4342,1849,5938,2.77815125038,3.89209460269,3.2671717284,2.99299509843,3.70156798506,3.44138088492,3.63768981912,3.26693691116,3.77364019326
"Nassua-Suffolk,NY",656,11138,3919,566,2119,3234,8640,3705,7371,2.81690383938,4.04680721355,3.59317526348,2.75281643119,3.32613095671,3.50974001557,3.93651374248,3.56878821232,3.8675264112
"New-Bedsford,MA",643,8087,519,1012,3219,2439,766,1450,4937,2.80821097292,3.90778744311,2.71516735785,3.0051805125,3.50772097669,3.38721180031,2.88422876963,3.16136800223,3.69346312722
"New-Britain,CT",516,10509,1245,903,4900,3128,1360,1217,6470,2.71264970163,4.02156139204,3.09516935143,2.95568775031,3.69019608003,3.49526674439,3.13353890837,3.08529057823,3.81090428067
"New-Haven-Meriden,CT",583,11460,2068,893,5938,3495,7852,1604,5478,2.76566855476,4.05918461763,3.31555053442,2.95085145889,3.77364019326,3.54344718008,3.89498029093,3.20520436395,3.73862202792
"New-London-Norwich,CT-RI",583,10218,556,633,4505,3244,1164,2281,6672,2.76566855476,4.00936589835,2.74507479158,2.80140371002,3.65369479532,3.51108084554,3.06595298031,3.35812528528,3.82425603763
"New-Orleans,LA",498,8515,2586,1604,4579,2995,7978,3500,6453,2.69722934276,3.9301846523,3.41262852054,3.20520436395,3.66077064353,3.47639682673,3.90189403197,3.54406804435,3.80976166511
"New-York,NY",638,13358,7850,2498,8625,2984,56745,3579,5338,2.80482067872,4.12574143913,3.89486965675,3.39759243404,3.93575910375,3.4747988188,4.75392760035,3.55376169839,3.72737856945
"Newark,NJ",601,14220,4106,1461,3514,3362,14224,1818,5690,2.778874472,4.15289959639,3.61341894503,3.16465021593,3.54580175716,3.5265977091,4.15302174363,3.25959387889,3.7551122664
"Niagara-Falls,NY",554,7686,507,775,5561,2538,966,1873,4463,2.74350976473,3.88570038013,2.70500795933,2.88930170251,3.74515289508,3.40449161776,2.98497712642,3.27253777738,3.64962688684
"Norfolk-Virginia-Beach-Newport-News,VA",632,8568,1932,997,3215,3014,7087,2964,5866,2.80071707828,3.93287945782,3.28600712208,2.99869515831,3.50718097726,3.47914324798,3.85046243276,3.47187819931,3.76834205864
"Norwalk,CT",648,20151,2530,625,3536,3029,7273,2268,6432,2.81157500587,4.30429660302,3.40312052118,2.79588001734,3.54851225634,3.48129927333,3.86171358757,3.35564305022,3.80834603574
"Oakland,CA",910,13135,2362,1533,6430,2646,6162,2394,5457,2.95904139232,4.11843007712,3.37327989328,3.18554215485,3.80821097292,3.42258983985,3.78972169398,3.37912414607,3.73695395378
"Ocala,FL",333,6750,489,1327,3798,2864,266,3095,7060,2.52244423351,3.82930377283,2.68930885912,3.12287092286,3.5795549604,3.45697301364,2.42488163663,3.49066065336,3.84880470105
"Odessa,TX",603,6689,384,1698,1944,2721,259,900,7565,2.78031731214,3.82536119595,2.58433122437,3.22993768591,3.28869626059,3.43472854178,2.41329976408,2.95424250944,3.87880893236
"Oklahoma-City,OK",554,7186,1623,1297,4459,2908,4843,1742,8119,2.74350976473,3.85648721287,3.21031851983,3.11293997608,3.64923747235,3.46359440219,3.68511446905,3.24104815067,3.90950254141
"Olympia,WA",726,8263,338,752,4083,2625,708,1451,4912,2.8609366207,3.91713775276,2.52891670028,2.87621784059,3.61097937992,3.41912930774,2.85003325769,3.16166741244,3.69125835813
"Omaha,NE-IA",440,7128,2559,1008,5806,3069,3787,1977,5853,2.64345267649,3.85296769103,3.40807028589,3.00346053211,3.7638770315,3.48699688843,3.57829530512,3.29600666931,3.76737852411
"Orange-County,NY",509,10173,1574,804,3299,2754,6987,1866,5822,2.70671778234,4.0074490445,3.19700472802,2.90525604875,3.51838231555,3.43996393592,3.84429074325,3.27091163941,3.7650722011
"Orlando,FL",457,8196,765,1671,5887,2976,2681,2881,7413,2.65991620007,3.91360194973,2.88366143515,3.22297644989,3.76989403581,3.47363292687,3.42829681398,3.45954325828,3.86999400012
"Owensboro,KY",524,6760,812,568,2273,2491,804,852,6062,2.71933128698,3.82994669594,2.90955602924,2.75434833571,3.35659943572,3.39637372754,2.90525604875,2.93043959477,3.78261593203
"Oxnard-Ventura,CA",890,14000,1106,791,2238,2155,2769,2135,5514,2.94939000664,4.14612803568,3.04375512697,2.8981764835,3.34986008219,3.3334472745,3.44232295575,3.32939787936,3.74146676177
"Panama-City,FL",536,6373,201,1344,2778,2500,755,2089,6083,2.72916478969,3.80434391848,2.30319605742,3.12839926872,3.4437322414,3.39794000867,2.87794695163,3.31993843998,3.78411781646
"Parkerburg-Marietta,WV-OH",617,6657,665,488,4399,2503,91,1148,5187,2.79028516403,3.82327855695,2.8228216453,2.688419822,3.64335396198,3.39846084961,1.95904139232,3.05994188806,3.71491624799
"Pascagoula,MS",584,6248,593,591,1750,1701,155,1956,4491,2.76641284711,3.79574102087,2.77305469336,2.77158748088,3.24303804869,3.23070431361,2.19033169817,3.29136885045,3.65234305506
"Pawtucket-Woonsocket-Attleboro,RI-MA",586,9462,1117,744,4738,3058,480,1513,5154,2.76789761602,3.97598294371,3.04805317312,2.87157293555,3.67559505639,3.48543748108,2.68124123738,3.17983892802,3.71214441421
"Pensacola,FL",536,6479,563,1472,2918,2914,1954,2160,6029,2.72916478969,3.81150797995,2.75050839485,3.16790781,3.46508528756,3.46448954743,3.29092455938,3.33445375115,3.78024528387
"Peoria,IL",491,8388,1184,921,2967,2452,2294,1688,4073,2.69108149212,3.92365842179,3.07335170239,2.9642596302,3.47231754632,3.38952046585,3.36059341357,3.22737244229,3.60991441009
"Philadelphia,PA-NJ",630,8310,5158,1059,5903,3781,17270,1979,5638,2.79934054945,3.91960102378,3.7124813378,3.02489596011,3.77107278322,3.57760667736,4.23729233757,3.29644579421,3.75112507154
"Phoenix,AZ",536,8921,1584,1268,4729,2942,4573,2472,6415,2.72916478969,3.95041353937,3.19975517725,3.10311925355,3.67476931402,3.46864266839,3.66020120138,3.39304846642,3.80719666071
"Pine-Bluff,AR",463,5674,617,1169,1671,2554,373,793,4247,2.66558099102,3.75388933146,2.79028516403,3.06781451116,3.22297644989,3.40722089293,2.57170883181,2.89927318732,3.62808226099
"Pittsburgh,PA",586,8099,3413,687,5616,3544,11069,2145,5261,2.76789761602,3.90843139897,3.53313628828,2.83695673706,3.74942709912,3.54949371322,4.04410838745,3.33142729652,3.7210683018
"Pittsfield,MA",482,7807,694,638,3759,3264,228,1420,5483,2.68304703824,3.89248417936,2.84135947045,2.80482067872,3.57507232571,3.51375015008,2.357934847,3.15228834438,3.73901824588
"Portland,ME",483,8100,834,823,5185,2973,2351,3366,6186,2.68394713075,3.90848501888,2.92116605064,2.91539983521,3.71474876073,3.4731949092,3.37125262912,3.52711411164,3.79140991567
"Portland,OR",768,9912,1590,1504,5947,3343,5160,2532,4535,2.88536122003,3.99616129337,3.20139712432,3.17724783626,3.7742979385,3.52413637659,3.71264970163,3.40346370135,3.6565772914
"Portsmouth-Dover-Rochester,NH-ME",469,9966,596,475,2321,3026,165,1390,8367,2.67117284272,3.99852088284,2.77524625974,2.67669360962,3.36567514046,3.48086892369,2.21748394421,3.14301480025,3.92256976899
"Poughkeepsie,NY",488,9981,355,633,4166,2898,785,1670,6746,2.688419822,3.99917405559,2.55022835306,2.80140371002,3.61971926561,3.46209838114,2.89486965675,3.22271647115,3.82904633685
"Providence,RI",586,9274,2467,998,5474,3558,6152,2263,5154,2.76789761602,3.96726709156,3.39216914949,2.99913054129,3.73830479307,3.55120594375,3.78901632679,3.35468455395,3.71214441421
"Provo-Orem,UT",500,9321,198,485,4546,2618,1985,3300,3459,2.69897000434,3.96946250797,2.29666519026,2.6857417386,3.65762943139,3.41796964221,3.2977605111,3.51851393988,3.53895056201
"Pueblo,CO",497,6637,468,1181,3501,2653,1307,1619,4646,2.69635638873,3.82197181764,2.67024585307,3.07224989761,3.54419211077,3.42373724998,3.11627558758,3.20924684875,3.66707920546
"Racine,WI",496,8943,931,1055,3558,2732,1171,2016,4415,2.69548167649,3.95148323075,2.96894968098,3.02325245963,3.55120594375,3.43648069501,3.06855689507,3.30449052777,3.64493070791
"Raleigh-Durham,NC",647,8230,3476,981,6544,3455,5730,1606,6405,2.81090428067,3.91539983521,3.54107976778,2.99166900738,3.81584329066,3.53844805171,3.75815462197,3.20574554094,3.80651913408
"Reading,PA",614,7614,1154,522,3120,3028,1108,1549,5587,2.78816837114,3.88161287248,3.06220580882,2.717670503,3.49415459402,3.48115587083,3.04453976039,3.19005141776,3.74717867136
"Redding,CA",664,8584,274,892,5727,2471,845,2424,4459,2.82216807937,3.93368970896,2.43775056282,2.95036485438,3.75792718311,3.3928727454,2.92685670895,3.38453261549,3.64923747235
"Reno,NV",535,12449,615,1116,6767,2529,2210,2386,5677,2.72835378202,4.09513446694,2.78887511578,3.0476641946,3.83039617648,3.40294882934,3.34439227369,3.37767043933,3.75411889423
"Richland-Kinnewick-Pasco,WA",664,8461,300,779,4714,1728,529,1204,5326,2.82216807937,3.92742169505,2.47712125472,2.89153745767,3.67338957819,3.23754373814,2.72345567204,3.08062648692,3.7264011621
"Richmond-Petersburg,VA",585,8343,2448,1076,6680,2940,5697,1943,5870,2.76715586608,3.92132224358,3.38881141347,3.03181227133,3.82477646248,3.46834733041,3.75564621946,3.2884728006,3.76863810125
"Riverside-San-Bernardino,CA",615,9754,2201,1475,3141,2596,5327,1918,4923,2.78887511578,3.98918275126,3.34262004255,3.16879202031,3.4970679364,3.41430468813,3.72648269678,3.28284860283,3.69222983577
"Roanoke,VA",652,7476,1036,784,3872,2723,1263,2036,5287,2.81424759573,3.87366929271,3.01535975541,2.89431606268,3.58793534864,3.43504764134,3.10140335056,3.30877777366,3.72320931041
"Rochester,MN",308,9193,2966,437,4399,2134,769,1503,6099,2.4885507165,3.96345726012,3.47217114669,2.64048143697,3.64335396198,3.32919441509,2.8859263398,3.17695898059,3.78525863336
"Rochester,NY",536,8609,1969,894,5165,3582,6956,2659,6304,2.72916478969,3.93495270782,3.29424571614,2.9513375188,3.71307032586,3.55412558151,3.84235957333,3.42471833733,3.79961620448
"Rockford,IL",466,7584,969,1156,2987,2680,1026,933,4592,2.66838591669,3.87989832433,2.98632377705,3.06295783408,3.4752352226,3.42813479403,3.01114736078,2.96988164375,3.66200187939
"Sacramento,CA",576,9855,1027,1363,5097,2793,4483,2306,5309,2.76042248342,3.99365662862,3.0115704436,3.13449585583,3.70731463359,3.4460709357,3.65156873887,3.36285930296,3.72501272534
"Saginaw-Bay-City-Midland,MI",515,7368,1022,1068,3186,2772,1708,2059,3709,2.71180722904,3.86734961719,3.0094508958,3.02857125269,3.50324577147,3.44279322594,3.23248786635,3.31365634662,3.56925683333
"St.-Cloud,MN",195,7235,603,343,4565,2502,1871,1572,5488,2.29003461136,3.85943853546,2.78031731214,2.53529412004,3.65944078187,3.39828730536,3.2720737875,3.1964525417,3.7394141027
"St.-Joseph,MO",475,5589,223,969,2689,2927,879,1265,5991,2.67669360962,3.74733410962,2.34830486305,2.98632377705,3.42959080222,3.46642272243,2.94398887507,3.10209052551,3.77749931959
"St.-Louis,MO-IL",537,7605,2850,1306,7119,3530,8896,2243,5800,2.7299742857,3.88109921839,3.45484486001,3.11594317694,3.85241899294,3.54777470539,3.94919477424,3.35082927358,3.76342799356
"Salem,OR",716,8378,749,1014,4732,3278,691,1873,3835,2.85491302231,3.92314035603,2.8744818177,3.006037955,3.67504473596,3.51560894923,2.83947804737,3.27253777738,3.58376536828
"Salem-Glouster,MA",644,11622,1232,490,3459,2729,3276,2234,6309,2.80888586736,4.0652808711,3.09061070783,2.69019608003,3.53895056201,3.43600353567,3.51534389309,3.34908316878,3.79996052741
"Salinas-Seaside-Monterey,CA",843,13838,352,1107,4160,2439,1004,3179,5656,2.92582757462,4.14107332627,2.54654266348,3.04414762088,3.61909333063,3.38721180031,3.00173371281,3.50229052791,3.75250940079
"Salt-Lake-City-Ogden,UT",541,9466,1631,969,6228,2340,5528,3900,4942,2.73319726511,3.97616650013,3.21245396104,2.98632377705,3.7943486039,3.36921585741,3.74256803437,3.59106460703,3.69390274107
"San-Angelo,TX",488,6321,236,1032,2938,2707,1301,1136,7720,2.688419822,3.80078579033,2.37291200297,3.01367969729,3.46805179145,3.43248825577,3.11427729656,3.05537833138,3.88761730034
"San-Antonio,TX",398,6898,1337,1197,5387,2938,4295,1509,6873,2.59988307207,3.83872319003,3.12613140726,3.07809415041,3.73134697555,3.46805179145,3.63296316817,3.17868923978,3.83714634391
"San-Diego,CA",903,14465,2416,1099,5489,2794,8818,3347,5489,2.95568775031,4.16031843798,3.38309692995,3.04099769242,3.73949323078,3.44622640178,3.94537009449,3.52465571236,3.73949323078
"San-Francisco,CA",910,17158,3726,1619,8299,3371,14226,4600,6063,2.95904139232,4.23446666349,3.57124285056,3.20924684875,3.91902576459,3.52775875252,4.15308280436,3.66275783168,3.78268756823
"San-Jose,CA",850,16048,2117,1065,5224,2709,6446,1964,7270,2.92941892571,4.20542091568,3.32572085802,3.02734960777,3.71800316827,3.43280900503,3.80929030118,3.29314148345,3.86153441086
"Santa-Barbara-Santa-Maria-Lompoc,CA",855,15547,532,1026,5662,2719,2684,3300,5821,2.93196611473,4.19164659856,2.7259116323,3.01114736078,3.75296986503,3.43440920759,3.4287825115,3.51851393988,3.76499759928
"Santa-Cruz,CA",843,14303,1035,964,5010,2611,3748,1703,5335,2.92582757462,4.15542713864,3.01494034979,2.9840770339,3.69983772587,3.41680687182,3.57379958222,3.23121464796,3.72713442376
"Santa-Rosa-Petaluma,CA",732,12931,1052,912,3313,2722,3457,2255,5703,2.86451108106,4.11163211171,3.02201573982,2.95999483833,3.52022143588,3.43488812087,3.53869937954,3.35314654621,3.75610337159
"Sarasota,FL",391,9560,801,939,3742,2626,817,2535,7715,2.5921767574,3.98045789228,2.90363251608,2.97266559227,3.57310378316,3.41929472175,2.91222205653,3.40397796367,3.8873359304
"Savannah,GA",542,6896,1084,1614,5958,2456,2262,2237,5591,2.73399928654,3.83859725282,3.0350292822,3.20790353039,3.77510049888,3.39022836247,3.35449260059,3.3496659841,3.74748949226
"Scranton-Wilkes-Barre,PA",575,6697,1219,372,3683,3230,1832,1386,4907,2.75966784469,3.82588029894,3.08600370562,2.57054293988,3.56620171885,3.50920252233,3.26292546933,3.14176323028,3.69081605798
"Seattle,WA",808,10183,2715,1170,6634,2710,9577,4800,5901,2.90741136077,4.00787574377,3.43376983392,3.06818586175,3.82177546718,3.43296929087,3.98122948742,3.68124123738,3.77092561464
"Sharon,PA",570,6697,700,384,2017,3022,52,1100,4055,2.75587485567,3.82588029894,2.84509804001,2.58433122437,3.30470589821,3.48029446,1.71600334363,3.04139268516,3.60799085855
"Sheboygan,WI",442,8121,593,450,3458,2557,268,1316,4765,2.64542226935,3.90960951049,2.77305469336,2.65321251378,3.53882498894,3.40773072803,2.42813479403,3.11925588928,3.67806290497
"Sherman-Denison,TX",524,5722,394,1035,1922,2652,68,937,6213,2.71933128698,3.75754785347,2.59549622183,3.01494034979,3.28375338333,3.42357351973,1.83250891271,2.97173959089,3.79330135361
"Shreveport,LA",508,6534,1445,1197,4401,2858,2826,1389,6585,2.70586371228,3.81517913014,3.15986784709,3.07809415041,3.64355136856,3.45606222445,3.45117215751,3.14270224574,3.8185557793
"Sioux-City,IA-NE",385,6528,846,759,4316,2673,1393,1359,4648,2.58546072951,3.81478014575,2.92737036304,2.8802417759,3.63508143601,3.42699895876,3.14395111642,3.13321945673,3.66726611938
"Sioux-Falls,SD",276,7983,1041,556,6271,2651,465,1324,5204,2.44090908207,3.90216612927,3.01745072951,2.74507479158,3.79733680078,3.42340972773,2.66745295289,3.1218879851,3.71633728789
"South-Bend-Mishawaka,IN",545,5938,830,1038,5634,2874,2672,1819,5056,2.73639650228,3.77364019326,2.91907809238,3.01619735351,3.75081684265,3.4584867638,3.4268364538,3.25983269906,3.70380706527
"Spokane,WA",574,6927,497,869,5534,2774,2988,1517,4722,2.7589118924,3.84054518764,2.69635638873,2.93901977645,3.7430391548,3.44310645674,3.47538059314,3.18098558079,3.67412598274
"Springfield,IL",524,7882,1877,1225,6172,3078,1983,1536,5384,2.71933128698,3.89663643053,3.27346427262,3.0881360887,3.79042591739,3.4882686155,3.29732271421,3.1863912157,3.73110505122
"Springfield,MA",453,8039,710,1212,6159,3525,3466,1514,5289,2.65609820201,3.90520202866,2.85125834872,3.08350261983,3.78951020409,3.54715912133,3.53982855838,3.18012587516,3.72337356702
"Springfield,MO",544,6343,577,892,3828,2709,1634,1737,5932,2.7355988997,3.8022947114,2.76117581316,2.95036485438,3.5829719291,3.43280900503,3.2132520522,3.23979981845,3.77320114236
"Stamford,CT",648,23640,2610,835,3110,3029,7865,1729,6158,2.81157500587,4.37364747221,3.41664050734,2.92168647548,3.49276038903,3.48129927333,3.89569872696,3.23779499327,3.78943968457
"State-College,PA",575,8405,612,540,2740,3169,1271,1200,4677,2.75966784469,3.92453771778,2.78675142215,2.73239375982,3.43775056282,3.50092223919,3.10414555055,3.07918124605,3.66996736991
"Steubenville-Weirton,OH-WV",542,6578,505,418,1532,2672,147,1460,3744,2.73399928654,3.81809386915,2.70329137812,2.62117628178,3.1852587653,3.4268364538,2.16731733475,3.16435285578,3.57333584007
"Stockton,CA",625,8474,342,1395,4427,2155,1579,1630,5672,2.79588001734,3.92808845966,2.53402610606,3.14457420761,3.64610952198,3.3334472745,3.19838213001,3.2121876044,3.75373622218
"Syracuse,NY",548,7670,1040,689,6951,3144,5080,2851,4474,2.73878055848,3.88479536395,3.0170333393,2.83821922191,3.84204728851,3.49748253737,3.70586371228,3.45499721731,3.65069597976
"Tacoma,WA",808,7770,539,1162,4730,2546,4297,4000,4887,2.90741136077,3.8904210188,2.73158876519,3.06520612805,3.67486114074,3.40585839932,3.63316535368,3.60205999133,3.68904233903
"Tallahassee,FL",404,8029,370,1161,5530,2790,2181,1936,6021,2.60638136511,3.90466145792,2.56820172407,3.06483221974,3.7427251313,3.44560420327,3.33865566558,3.28690535297,3.77966862721
"Tampa-St.-Petersburg-Clearwater,FL",440,7442,1189,1493,5588,3044,5040,2943,7256,2.64345267649,3.87168966569,3.07518185462,3.17405980773,3.74725639744,3.4834446481,3.70243053645,3.4687902621,3.86069727405
"Terre-Haute,IN",557,5527,453,630,3550,3012,1226,1401,4353,2.74585519517,3.74248946458,2.65609820201,2.79934054945,3.55022835306,3.47885496753,3.08849047018,3.14643813529,3.63878866716
"Texarkana,TX-Texarkana,AR",467,5717,343,822,2537,2899,63,669,4772,2.66931688057,3.75716819221,2.53529412004,2.91487181754,3.40432046722,3.46224821535,1.79934054945,2.82542611777,3.678700435
"Toledo,OH",518,7767,1738,998,5323,2852,4389,1952,4534,2.71432975975,3.89025330515,3.24004977211,2.99913054129,3.72615646617,3.45514952118,3.64236558084,3.29047981333,3.65648151579
"Topeka,KS",501,7110,1148,999,5348,2795,1632,1141,5464,2.69983772587,3.85186960073,3.05994188806,2.99956548823,3.72819139859,3.44638181222,3.21272015442,3.05728564442,3.73751069067
"Trenton,NJ",636,10616,1372,1181,4786,3311,5029,1646,5772,2.80345711565,4.02596090986,3.13735411137,3.07224989761,3.67997269428,3.51995918075,3.70148163562,3.21642983088,3.76132632242
"Tuscon,AZ",589,8548,1259,1400,4397,2685,4889,3131,6147,2.77011529479,3.93186451349,3.10002573011,3.14612803568,3.64315646562,3.42894429004,3.68922003726,3.49568306762,3.78866321312
"Tulsa,OK",530,7498,1581,1080,3758,2628,4248,2024,7115,2.7242758696,3.87494543609,3.19893186993,3.03342375549,3.57495677576,3.41962536089,3.62818450807,3.30621050817,3.85217490442
"Tuscaloosa,AL",470,6464,674,1014,4723,2390,1432,1090,4900,2.67209785794,3.81050134777,2.82865989654,3.006037955,3.67421794558,3.37839790095,3.15594301797,3.03742649794,3.69019608003
"Tyler,TX",500,7298,672,955,3460,3283,404,631,7327,2.69897000434,3.86320385903,2.82736927305,2.98000337158,3.53907609879,3.51627088273,2.60638136511,2.80002935924,3.86492619154
"Utica-Rome,NY",548,6744,391,400,4592,2970,858,1750,5226,2.73878055848,3.82891756162,2.5921767574,2.60205999133,3.66200187939,3.47275644932,2.93348728785,3.24303804869,3.71816940539
"Vallejo-Fairfield-Napa,CA",821,10503,1079,964,4153,2498,2962,1559,5819,2.91434315712,4.02131336548,3.03302144468,2.9840770339,3.61836193111,3.39759243404,3.47158505419,3.19284611519,3.76484835719
"Vancouver,WA",768,9015,517,752,3817,2332,1557,1464,4571,2.88536122003,3.95496573106,2.71349054309,2.87621784059,3.58172215995,3.36772854609,3.19228861257,3.16554107672,3.66001122129
"Victoria,TX",336,7143,260,1092,2407,2696,87,1410,7599,2.52633927739,3.85388065012,2.41497334797,3.03822263837,3.38147609028,3.43071988786,1.93951925262,3.14921911266,3.88075644451
"Vineland-Millville-Bridgeton,NJ",615,7295,807,1135,4133,2747,2097,1474,5023,2.78887511578,3.86302529623,2.90687353472,3.05499586153,3.61626540528,3.43885865942,3.32159843047,3.16849748352,3.70096317816
"Visalia-Tulare-Porterville,CA",543,7778,210,1132,3094,2128,511,2800,5563,2.73479982959,3.89086793881,2.32221929473,3.05384642685,3.49052030936,3.32797162362,2.70842090013,3.44715803134,3.74530905994
"Waco,TX",412,6106,538,1166,3018,2867,1141,1248,6259,2.61489721603,3.78575679996,2.73078227567,3.06669855042,3.47971923544,3.45742769295,3.05728564442,3.09621458535,3.79650495155
"Washington,DC-MD-VA",631,13724,4361,1317,8236,3635,21701,1578,6072,2.80002935924,4.13748070938,3.63958608667,3.11958577496,3.91571633795,3.5605044152,4.33647974696,3.19810699887,3.78333176289
"Materbury,CT",569,10024,1218,789,2434,2995,318,946,5656,2.7551122664,4.00104105799,3.0856472883,2.89707700321,3.38632057389,3.47639682673,2.50242711998,2.9758911364,3.75250940079
"Waterloo-Cedar-Falls,IA",347,7881,925,700,3351,2889,3000,1900,4407,2.54032947479,3.89658132751,2.96614173274,2.84509804001,3.52517442784,3.46074754184,3.47712125472,3.27875360095,3.64414305051
"Wausau,WI",308,7642,818,442,3496,2749,761,1654,4300,2.4885507165,3.88320703335,2.91275330367,2.64542226935,3.54357142396,3.43917473984,2.88138465677,3.21853550522,3.63346845558
"West-Palm-Beach-Boca-Raton-Delray-Beach,FL",509,10512,375,1783,5201,3224,2888,3772,7992,2.70671778234,4.02168535222,2.57403126773,3.25115134318,3.71608685377,3.50839503313,3.4605971889,3.57657168407,3.90265547522
"Wheeling,WV-OH",542,6576,791,308,2450,3002,422,1271,4740,2.73399928654,3.81796180453,2.8981764835,2.4885507165,3.38916608436,3.47741068791,2.62531245096,3.10414555055,3.67577834167
"Wichita,KS",494,7061,806,1164,3933,2981,2987,1508,6036,2.69372694892,3.84886621149,2.90633504181,3.06595298031,3.59472394641,3.47436197603,3.4752352226,3.17840134153,3.7807492311
"Wichita-Falls,TX",456,6404,549,1179,2793,2747,599,1126,6805,2.65896484266,3.80645132325,2.73957234445,3.0715138051,3.4460709357,3.43885865942,2.77742682239,3.05153839052,3.83282812954
"Williamsport,PA",558,7284,860,464,3097,2906,196,726,3288,2.74663419894,3.86236993712,2.93449845124,2.66651798055,3.49094120536,3.46329560996,2.29225607136,2.8609366207,3.51693180887
"Wilmington,DE-NJ-MD",597,7927,1445,1115,4532,3112,4545,1923,6174,2.77597433113,3.89910885819,3.15986784709,3.04727486738,3.65628990119,3.49303958832,3.65753388756,3.28397928424,3.79056662515
"Wilmington,NC",564,6858,1099,1423,2904,2876,1077,2668,5390,2.75127910398,3.83619748078,3.04099769242,3.15320490008,3.46299661203,3.45878888171,3.0322157033,3.42618582524,3.73158876519
"Worcester,MA",562,8715,1805,680,3643,3299,1784,910,5040,2.74973631557,3.94026739145,3.25647720624,2.83250891271,3.56145917124,3.51838231555,3.25139485004,2.95904139232,3.70243053645
"Yakima,WA",535,6440,317,1106,3731,2491,996,2140,4986,2.72835378202,3.80888586736,2.50105926222,3.04375512697,3.57182524904,3.39637372754,2.99825933842,3.33041377335,3.69775227417
"York,PA",540,8371,713,440,2267,2903,1022,842,4946,2.73239375982,3.92277734193,2.85308952985,2.64345267649,3.35545152013,3.46284703583,3.0094508958,2.9253120915,3.69425411203
"Youngstown-Warren,OH",570,7021,1097,938,3374,2920,2797,1327,3894,2.75587485567,3.84639897303,3.04020662757,2.97220283838,3.52814507825,3.46538285145,3.44669246637,3.12287092286,3.59039594718
"Yuba-City,CA",608,7875,212,1179,2768,2387,122,918,4694,2.78390357927,3.89625056246,2.32633586093,3.0715138051,3.44216608578,3.37785241901,2.08635983067,2.9628426812,3.67154308526
